geo,year,unmet_need_pc,log_gdp_per_capita,unemployment_rate_pc,poverty_or_social_exclusion_pc,government_health_expenditure_gdp_pc,compulsory_health_financing_gdp_pc,lag1_unmet_need_pc,lag1_log_gdp_per_capita,lag1_unemployment_rate_pc,lag1_poverty_or_social_exclusion_pc,lag1_government_health_expenditure_gdp_pc,lag1_compulsory_health_financing_gdp_pc,time_split
AT,2016,0.2,10.613737640995735,6.5,17.2,8.3,7.71,0.1,10.587593988443924,6.1,16.9,8.3,7.74,train
BE,2016,2.5,10.54032889688498,7.9,22.2,7.6,8.31,2.4,10.514882231223812,8.7,21.6,7.8,8.26,train
BG,2016,2.8,8.863615758890619,8.6,41.0,5.0,4.13,4.7,8.788745881938135,10.1,43.3,5.3,4.15,train
CH,2016,0.5,11.230031909250243,5.0,17.9,2.1,7.51,0.5,11.248569217821943,4.8,18.2,2.1,7.3,train
CY,2016,0.6,9.995610841411931,13.0,22.6,2.5,2.79,1.5,9.94318891938768,15.0,22.8,2.5,2.86,train
CZ,2016,0.7,9.743318800383308,4.0,12.4,7.4,6.21,0.8,9.694616660508636,5.1,13.0,7.5,6.18,train
DE,2016,0.3,10.57208586017466,3.9,19.8,7.1,9.3,0.5,10.544024782823776,4.4,20.0,7.0,9.23,train
DK,2016,1.3,10.805070655538008,6.0,17.5,8.8,8.66,1.3,10.776870783399009,6.3,18.6,8.9,8.74,train
EE,2016,15.3,9.732699231555848,6.8,23.1,5.3,4.9,12.7,9.680344001221918,6.4,23.6,5.6,4.87,train
EL,2016,13.1,9.69214904667168,23.9,32.6,5.3,5.19,12.3,9.693383614729722,25.0,32.4,5.0,4.83,train
ES,2016,0.5,10.093694603604073,19.6,28.8,6.0,6.35,0.6,10.06219924369095,22.1,28.7,6.1,6.45,train
FI,2016,4.1,10.577706723210554,8.9,16.5,7.2,7.21,4.3,10.554509806795402,9.4,16.9,7.3,7.46,train
FR,2016,1.3,10.420195839460272,10.1,18.7,8.3,9.5,1.2,10.41030515490458,10.3,18.4,8.2,8.71,train
HR,2016,1.7,9.359622074691938,13.0,23.5,6.6,5.52,1.9,9.302007560502007,16.2,24.4,6.8,5.5,train
HU,2016,1.3,9.388486557359656,5.0,28.6,4.7,4.74,2.6,9.351839934249885,6.6,30.6,5.1,4.67,train
IE,2016,2.5,10.969232237578622,8.4,23.8,5.2,5.3,2.7,10.967853402475647,9.9,25.4,5.0,5.09,train
IS,2016,2.9,10.966472663561088,3.0,11.8,7.2,6.57,4.3,10.803242315770184,4.0,12.6,7.1,6.51,train
IT,2016,5.5,10.252734980646064,11.7,27.8,6.8,6.45,7.2,10.226295426963285,12.0,28.4,7.0,6.55,train
LT,2016,3.1,9.509703949201802,7.9,30.0,4.8,4.43,2.9,9.46187699779161,9.1,29.4,4.7,4.35,train
LU,2016,0.4,11.474496438350446,6.3,19.1,4.8,4.24,0.9,11.46257909053349,6.7,18.4,4.9,4.25,train
LV,2016,8.2,9.433483923290392,9.7,28.2,3.8,3.55,8.4,9.39349491507403,9.9,30.0,3.9,3.43,train
MT,2016,1.0,10.081633737919605,4.7,20.2,5.2,5.48,0.8,10.043249494911286,5.4,22.2,5.4,5.27,train
NL,2016,0.2,10.652305930466534,7.0,16.3,7.1,8.22,0.1,10.627891122746629,7.9,16.4,7.6,8.29,train
NO,2016,1.1,11.100133581475603,4.9,14.4,7.4,8.99,1.1,11.14994496846822,4.7,14.7,7.1,8.61,train
PL,2016,6.6,9.329899607033822,6.3,20.6,4.6,4.53,7.3,9.340491056441229,7.7,22.5,4.6,4.41,train
PT,2016,2.4,9.798127036878302,11.5,24.9,6.1,5.8,3.0,9.757305042358048,13.0,26.4,6.2,5.76,train
RO,2016,6.5,9.047821442478408,7.2,46.0,4.1,3.98,9.4,8.998384010052538,8.4,44.5,4.2,3.86,train
SE,2016,1.6,10.753424783860265,7.1,17.7,7.1,9.23,1.3,10.739868901181982,7.5,18.2,7.0,9.16,train
SI,2016,0.4,9.871996885444757,8.0,16.9,6.8,6.23,0.2,9.834137474401334,9.0,17.7,6.7,6.17,train
SK,2016,2.3,9.61780348274702,9.6,17.1,5.7,5.58,2.1,9.603732898850078,11.5,17.3,5.5,5.37,train
AT,2017,0.2,10.63969422255652,5.9,17.1,8.3,7.74,0.2,10.613737640995735,6.5,17.2,8.3,7.71,train
BE,2017,2.2,10.570803973061553,7.2,22.0,7.6,8.31,2.5,10.54032889688498,7.9,22.2,7.6,8.31,train
BG,2017,2.1,8.951569643018821,7.2,38.0,4.9,4.22,2.8,8.863615758890619,8.6,41.0,5.0,4.13,train
CH,2017,0.4,11.211955498191513,4.8,18.3,2.1,7.63,0.5,11.230031909250243,5.0,17.9,2.1,7.51,train
CY,2017,1.5,10.053199825764455,11.1,21.4,2.5,2.75,0.6,9.995610841411931,13.0,22.6,2.5,2.79,train
CZ,2017,0.5,9.836278802842678,2.9,12.1,7.3,6.15,0.7,9.743318800383308,4.0,12.4,7.4,6.21,train
DE,2017,0.3,10.612261988981771,3.5,18.8,7.0,9.38,0.3,10.57208586017466,3.9,19.8,7.1,9.3,train
DK,2017,1.0,10.840756690795477,5.8,17.8,8.7,8.49,1.3,10.805070655538008,6.0,17.5,8.8,8.66,train
EE,2017,11.8,9.824444345195674,5.8,23.3,5.1,4.76,15.3,9.732699231555848,6.8,23.1,5.3,4.9,train
EL,2017,10.0,9.710509415553645,21.8,32.2,5.5,4.91,13.1,9.69214904667168,23.9,32.6,5.3,5.19,train
ES,2017,0.1,10.133010710814377,17.2,27.5,5.9,6.27,0.5,10.093694603604073,19.6,28.8,6.0,6.35,train
FI,2017,3.6,10.616192232311604,8.7,16.0,7.1,7.02,4.1,10.577706723210554,8.9,16.5,7.2,7.21,train
FR,2017,1.0,10.442609045456964,9.4,17.8,8.3,9.43,1.3,10.420195839460272,10.1,18.7,8.3,9.5,train
HR,2017,1.6,9.427868184504756,11.1,23.7,6.8,5.47,1.7,9.359622074691938,13.0,23.5,6.6,5.52,train
HU,2017,1.0,9.47883962501119,4.0,25.9,4.7,4.64,1.3,9.388486557359656,5.0,28.6,4.7,4.74,train
IE,2017,2.8,11.06601316694789,6.7,22.4,4.9,5.02,2.5,10.969232237578622,8.4,23.8,5.2,5.3,train
IS,2017,3.5,11.095134707171429,2.7,12.6,7.5,6.74,2.9,10.966472663561088,3.0,11.8,7.2,6.57,train
IT,2017,1.8,10.277461993552922,11.3,25.9,6.8,6.37,5.5,10.252734980646064,11.7,27.8,6.8,6.45,train
LT,2017,1.5,9.6071010394542,7.1,29.8,4.6,4.28,3.1,9.509703949201802,7.9,30.0,4.8,4.43,train
LU,2017,0.3,11.486992082943724,5.5,19.3,5.0,4.31,0.4,11.474496438350446,6.3,19.1,4.8,4.24,train
LV,2017,6.2,9.503009985939002,8.7,28.5,3.6,3.55,8.2,9.433483923290392,9.7,28.2,3.8,3.55,train
MT,2017,0.2,10.196903156835669,4.0,19.4,4.9,5.23,1.0,10.081633737919605,4.7,20.2,5.2,5.48,train
NL,2017,0.1,10.688073793412856,5.9,16.6,7.2,8.12,0.2,10.652305930466534,7.0,16.3,7.1,8.22,train
NO,2017,1.3,11.154248518360824,4.4,15.4,7.2,8.71,1.1,11.100133581475603,4.9,14.4,7.4,8.99,train
PL,2017,3.3,9.422220731011684,5.0,18.7,4.7,4.53,6.6,9.329899607033822,6.3,20.6,4.6,4.53,train
PT,2017,2.3,9.847446161652504,9.2,23.4,6.3,5.71,2.4,9.798127036878302,11.5,24.9,6.1,5.8,train
RO,2017,4.7,9.160099155539436,6.1,42.5,4.4,4.08,6.5,9.047821442478408,7.2,46.0,4.1,3.98,train
SE,2017,1.4,10.762361013540332,6.8,17.2,7.1,9.27,1.6,10.753424783860265,7.1,17.7,7.1,9.23,train
SI,2017,3.5,9.934501606065297,6.6,16.6,6.6,5.96,0.4,9.871996885444757,8.0,16.9,6.8,6.23,train
SK,2017,2.4,9.656307423393676,8.1,15.8,5.6,5.38,2.3,9.61780348274702,9.6,17.1,5.7,5.58,train
AT,2018,0.1,10.677292636113528,5.2,16.8,8.3,7.78,0.2,10.63969422255652,5.9,17.1,8.3,7.74,train
BE,2018,1.8,10.60187099989132,6.0,20.5,7.6,8.32,2.2,10.570803973061553,7.2,22.0,7.6,8.31,train
BG,2018,1.9,9.028818495352793,6.2,33.0,5.0,4.35,2.1,8.951569643018821,7.2,38.0,4.9,4.22,train
CH,2018,0.7,11.206807830362765,4.7,17.8,2.1,7.35,0.4,11.211955498191513,4.8,18.3,2.1,7.63,train
CY,2018,1.4,10.112937776718336,8.4,19.1,2.6,2.85,1.5,10.053199825764455,11.1,21.4,2.5,2.75,train
CZ,2018,0.3,9.916897239446046,2.2,11.8,7.4,6.27,0.5,9.836278802842678,2.9,12.1,7.3,6.15,train
DE,2018,0.2,10.640651618512848,3.2,18.5,7.0,9.47,0.3,10.612261988981771,3.5,18.8,7.0,9.38,train
DK,2018,1.3,10.858036996527373,5.1,17.5,8.7,8.49,1.0,10.840756690795477,5.8,17.8,8.7,8.49,train
EE,2018,16.4,9.9054855551988,5.4,23.6,5.3,4.84,11.8,9.824444345195674,5.8,23.3,5.1,4.76,train
EL,2018,8.8,9.730918287184853,19.7,30.3,5.5,4.78,10.0,9.710509415553645,21.8,32.2,5.5,4.91,train
ES,2018,0.2,10.163926888594034,15.3,27.3,6.0,6.28,0.1,10.133010710814377,17.2,27.5,5.9,6.27,train
FI,2018,4.7,10.646376824990888,7.5,16.6,7.1,7.01,3.6,10.616192232311604,8.7,16.0,7.1,7.02,train
FR,2018,1.2,10.46538644648612,9.0,17.9,8.2,9.34,1.0,10.442609045456964,9.4,17.8,8.3,9.43,train
HR,2018,1.4,9.496270911389155,8.3,22.1,6.9,5.51,1.6,9.427868184504756,11.1,23.7,6.8,5.47,train
HU,2018,0.8,9.551800150108434,3.6,20.6,4.6,4.56,1.0,9.47883962501119,4.0,25.9,4.7,4.64,train
IE,2018,2.0,11.135026884579869,5.8,20.8,4.8,4.96,2.8,11.06601316694789,6.7,22.4,4.9,5.02,train
IS,2018,3.4,11.087206627834796,2.7,11.3,7.6,6.85,3.5,11.095134707171429,2.7,12.6,7.5,6.74,train
IT,2018,2.4,10.298565567757803,10.6,25.7,6.7,6.35,1.8,10.277461993552922,11.3,25.9,6.8,6.37,train
LT,2018,2.2,9.698920386794851,6.2,28.5,4.7,4.35,1.5,9.6071010394542,7.1,29.8,4.6,4.28,train
LU,2018,0.3,11.501561134891178,5.6,20.1,5.1,4.43,0.3,11.486992082943724,5.5,19.3,5.0,4.31,train
LV,2018,6.2,9.59014573330377,7.4,28.4,4.2,3.84,6.2,9.503009985939002,8.7,28.5,3.6,3.55,train
MT,2018,0.2,10.248494691607178,4.0,19.2,4.9,5.15,0.2,10.196903156835669,4.0,19.4,4.9,5.23,train
NL,2018,0.2,10.729634734557315,4.9,16.5,7.2,8.09,0.1,10.688073793412856,5.9,16.6,7.2,8.12,train
NO,2018,1.4,11.191479762365638,4.0,15.8,7.0,8.54,1.3,11.154248518360824,4.4,15.4,7.2,8.71,train
PL,2018,4.2,9.494014423030425,3.9,18.2,4.7,4.47,3.3,9.422220731011684,5.0,18.7,4.7,4.53,train
PT,2018,2.1,9.895455380838865,7.2,21.6,6.5,5.77,2.3,9.847446161652504,9.2,23.4,6.3,5.71,train
RO,2018,4.9,9.260082463870996,5.3,38.7,4.6,4.43,4.7,9.160099155539436,6.1,42.5,4.4,4.08,train
SE,2018,1.5,10.731384133647689,6.5,17.7,7.2,9.4,1.4,10.762361013540332,6.8,17.2,7.1,9.27,train
SI,2018,3.3,9.99606673382922,5.1,15.4,6.6,6.08,3.5,9.934501606065297,6.6,16.6,6.6,5.96,train
SK,2018,2.6,9.715952428689286,6.5,15.2,5.4,5.32,2.4,9.656307423393676,8.1,15.8,5.6,5.38,train
AT,2019,0.3,10.704816265940602,4.8,16.5,8.4,7.91,0.1,10.677292636113528,5.2,16.8,8.3,7.78,train
BE,2019,1.8,10.6389755735856,5.5,20.1,7.5,8.08,1.8,10.60187099989132,6.0,20.5,7.6,8.32,train
BG,2019,1.4,9.132378830506472,5.2,33.2,4.6,4.32,1.9,9.028818495352793,6.2,33.0,5.0,4.35,train
CH,2019,0.7,11.24739619715958,4.4,19.3,2.1,7.57,0.7,11.206807830362765,4.7,17.8,2.1,7.35,train
CY,2019,1.0,10.170073661693175,7.2,18.9,3.5,3.79,1.4,10.112937776718336,8.4,19.1,2.6,2.85,train
CZ,2019,0.5,9.9869091606752,2.0,12.1,7.4,6.36,0.3,9.916897239446046,2.2,11.8,7.4,6.27,train
DE,2019,0.3,10.669652825832646,2.9,17.3,7.2,9.67,0.2,10.640651618512848,3.2,18.5,7.0,9.47,train
DK,2019,1.8,10.878801624859744,5.0,17.3,8.7,8.53,1.3,10.858036996527373,5.1,17.5,8.7,8.49,train
EE,2019,15.5,9.975342989636555,4.5,23.7,5.5,4.95,16.4,9.9054855551988,5.4,23.6,5.3,4.84,train
EL,2019,8.1,9.756726171140723,17.9,29.0,5.7,4.99,8.8,9.730918287184853,19.7,30.3,5.5,4.78,train
ES,2019,0.2,10.189418091949102,14.1,26.2,6.1,6.4,0.2,10.163926888594034,15.3,27.3,6.0,6.28,train
FI,2019,4.6,10.673595774232204,6.8,14.5,7.2,7.18,4.7,10.646376824990888,7.5,16.6,7.1,7.01,train
FR,2019,1.2,10.493771097636834,8.4,18.8,8.1,9.26,1.2,10.46538644648612,9.0,17.9,8.2,9.34,train
HR,2019,1.4,9.556055475678573,6.6,20.8,7.3,5.56,1.4,9.496270911389155,8.3,22.1,6.9,5.51,train
HU,2019,1.0,9.629050706834368,3.3,21.1,4.5,4.29,0.8,9.551800150108434,3.6,20.6,4.6,4.56,train
IE,2019,2.0,11.201360452055116,5.0,20.2,4.8,4.89,2.0,11.135026884579869,5.8,20.8,4.8,4.96,train
IS,2019,5.2,11.057692214627943,3.5,11.6,7.8,7.08,3.4,11.087206627834796,2.7,11.3,7.6,6.85,train
IT,2019,1.8,10.31559720336296,9.9,24.6,6.7,6.31,2.4,10.298565567757803,10.6,25.7,6.7,6.35,train
LT,2019,1.4,9.771098364490385,6.3,25.5,5.0,4.61,2.2,9.698920386794851,6.2,28.5,4.7,4.35,train
LU,2019,0.2,11.517116669588695,5.6,20.1,5.2,4.64,0.3,11.501561134891178,5.6,20.1,5.1,4.43,train
LV,2019,4.3,9.645364282325891,6.3,26.7,4.3,4.13,6.2,9.59014573330377,7.4,28.4,4.2,3.84,train
MT,2019,0.0,10.2722886762727,4.1,20.7,5.1,5.56,0.2,10.248494691607178,4.0,19.2,4.9,5.15,train
NL,2019,0.2,10.775617388624513,4.4,16.5,7.2,8.23,0.2,10.729634734557315,4.9,16.5,7.2,8.09,train
NO,2019,1.0,11.168461378419464,3.9,15.6,7.4,8.95,1.4,11.191479762365638,4.0,15.8,7.0,8.54,train
PL,2019,4.2,9.560292770154089,3.3,17.9,4.8,4.59,4.2,9.494014423030425,3.9,18.2,4.7,4.47,train
PT,2019,1.7,9.93837195438963,6.6,21.1,6.5,5.79,2.1,9.895455380838865,7.2,21.6,6.5,5.77,train
RO,2019,4.9,9.351839934249885,4.9,36.1,5.0,4.61,4.9,9.260082463870996,5.3,38.7,4.6,4.43,train
SE,2019,1.4,10.738785125200751,6.9,18.4,7.2,9.3,1.5,10.731384133647689,6.5,17.7,7.2,9.4,train
SI,2019,2.9,10.045421048424794,4.4,13.7,6.7,6.23,3.3,9.99606673382922,5.1,15.4,6.6,6.08,train
SK,2019,2.7,9.760771250334534,5.7,14.8,5.8,5.51,2.6,9.715952428689286,6.5,15.2,5.4,5.32,train
AT,2020,0.1,10.660782552919825,6.0,16.7,9.2,8.72,0.3,10.704816265940602,4.8,16.5,8.4,7.91,train
BE,2020,1.5,10.601373487443247,5.8,20.3,8.6,8.72,1.8,10.6389755735856,5.5,20.1,7.5,8.08,train
BG,2020,1.4,9.152711259139547,6.1,33.5,5.8,5.33,1.4,9.132378830506472,5.2,33.2,4.6,4.32,train
CH,2020,0.5,11.247787356953342,4.8,18.5,2.5,8.18,0.7,11.24739619715958,4.4,19.3,2.1,7.57,train
CY,2020,0.4,10.111720491114584,7.6,18.2,5.8,6.19,1.0,10.170073661693175,7.2,18.9,3.5,3.79,train
CZ,2020,0.4,9.951324881950288,2.6,11.5,9.2,7.92,0.5,9.9869091606752,2.0,12.1,7.4,6.36,train
DE,2020,0.1,10.645900974398993,3.6,20.4,8.3,10.69,0.3,10.669652825832646,2.9,17.3,7.2,9.67,train
DK,2020,1.7,10.888184317074344,5.6,16.8,9.3,9.02,1.8,10.878801624859744,5.0,17.3,8.7,8.53,train
EE,2020,13.0,9.950371138434978,6.9,22.8,6.5,5.76,15.5,9.975342989636555,4.5,23.7,5.5,4.95,train
EL,2020,6.5,9.658864969544794,17.6,27.4,6.6,5.8,8.1,9.756726171140723,17.9,29.0,5.7,4.99,train
ES,2020,0.4,10.079539496316489,15.5,27.0,7.6,7.78,0.2,10.189418091949102,14.1,26.2,6.1,6.4,train
FI,2020,5.4,10.662890528873138,7.7,14.9,7.7,7.67,4.6,10.673595774232204,6.8,14.5,7.2,7.18,train
FR,2020,2.7,10.442317372711717,8.0,19.0,9.0,10.22,1.2,10.493771097636834,8.4,18.8,8.1,9.26,train
HR,2020,1.5,9.471164990258082,7.4,20.5,8.7,6.47,1.4,9.556055475678573,6.6,20.8,7.3,5.56,train
HU,2020,0.7,9.57289797907307,4.1,19.4,6.3,5.12,1.0,9.629050706834368,3.3,21.1,4.5,4.29,train
IE,2020,1.8,11.236117389070326,5.9,19.1,5.6,5.42,2.0,11.201360452055116,5.0,20.2,4.8,4.89,train
IS,2020,2.8,10.90025166856016,5.5,11.7,8.5,7.9,5.2,11.057692214627943,3.5,11.6,7.8,7.08,train
LT,2020,1.7,9.791997176502765,8.5,24.5,5.9,5.2,1.4,9.771098364490385,6.3,25.5,5.0,4.61,train
LU,2020,0.1,11.534589104606257,6.8,19.9,5.8,4.99,0.2,11.517116669588695,5.6,20.1,5.2,4.64,train
LV,2020,5.3,9.640172836532642,8.1,25.1,4.8,4.77,4.3,9.645364282325891,6.3,26.7,4.3,4.13,train
MT,2020,0.0,10.235306120475991,4.9,19.9,6.6,6.57,0.0,10.2722886762727,4.1,20.7,5.1,5.56,train
NL,2020,0.2,10.753852134294116,4.9,16.0,8.1,9.3,0.2,10.775617388624513,4.4,16.5,7.2,8.23,train
NO,2020,0.9,11.04132055435752,4.7,16.3,8.2,9.82,1.0,11.168461378419464,3.9,15.6,7.4,8.95,train
PL,2020,1.9,9.568713872550497,3.2,17.0,5.3,4.64,4.2,9.560292770154089,3.3,17.9,4.8,4.59,train
PT,2020,1.6,9.870964360830568,7.1,20.0,7.4,6.76,1.7,9.93837195438963,6.6,21.1,6.5,5.79,train
RO,2020,4.7,9.340491056441229,6.1,35.6,5.5,5.01,4.9,9.351839934249885,4.9,36.1,5.0,4.61,train
SE,2020,1.5,10.740302082908489,8.5,17.7,7.5,9.85,1.4,10.738785125200751,6.9,18.4,7.2,9.3,train
SI,2020,2.7,10.009198006958242,5.0,14.3,8.0,6.94,2.9,10.045421048424794,4.4,13.7,6.7,6.23,train
SK,2020,3.2,9.756726171140723,6.7,13.8,6.4,5.67,2.7,9.760771250334534,5.7,14.8,5.8,5.51,train
AT,2021,0.3,10.722826758333833,6.2,17.3,10.1,9.47,0.1,10.660782552919825,6.0,16.7,9.2,8.72,test
BE,2021,1.7,10.684645610418787,6.3,19.0,8.4,8.48,1.5,10.601373487443247,5.8,20.3,8.6,8.72,test
BG,2021,1.0,9.302007560502007,5.2,31.7,5.8,5.58,1.4,9.152711259139547,6.1,33.5,5.8,5.33,test
CH,2021,0.5,11.309707082463287,5.1,17.6,2.7,7.95,0.5,11.247787356953342,4.8,18.5,2.5,8.18,test
CY,2021,0.2,10.23458824535543,7.2,17.3,6.5,7.01,0.4,10.111720491114584,7.6,18.2,5.8,6.19,test
CZ,2021,0.3,10.06177253150184,2.8,10.7,9.5,7.94,0.4,9.951324881950288,2.6,11.5,9.2,7.92,test
DE,2021,0.1,10.712415766081785,3.6,21.0,8.5,10.91,0.1,10.645900974398993,3.6,20.4,8.3,10.69,test
DK,2021,1.3,10.979172336560532,5.1,17.3,9.4,9.06,1.7,10.888184317074344,5.6,16.8,9.3,9.02,test
EE,2021,8.1,10.07111839392008,6.2,22.2,6.5,5.69,13.0,9.950371138434978,6.9,22.8,6.5,5.76,test
EL,2021,6.4,9.761347785375005,14.7,28.3,6.6,5.61,6.5,9.658864969544794,17.6,27.4,6.6,5.8,test
ES,2021,1.1,10.169307378130776,14.9,27.8,7.2,7.51,0.4,10.079539496316489,15.5,27.0,7.6,7.78,test
FI,2021,4.4,10.711970331775978,7.7,14.2,7.8,7.84,5.4,10.662890528873138,7.7,14.9,7.7,7.67,test
FR,2021,2.8,10.516508688616788,7.9,19.0,9.4,10.36,2.7,10.442317372711717,8.0,19.0,9.0,10.22,test
HR,2021,1.7,9.620461291620542,7.5,20.9,8.4,6.91,1.5,9.471164990258082,7.4,20.5,8.7,6.47,test
HU,2021,1.1,9.685953239986429,4.0,19.6,5.9,5.31,0.7,9.57289797907307,4.1,19.4,6.3,5.12,test
IE,2021,2.1,11.385887231799504,6.2,19.6,5.1,4.95,1.8,11.236117389070326,5.9,19.1,5.6,5.42,test
IT,2021,1.8,10.346890499984683,9.5,25.2,7.4,6.92,1.8,10.31559720336296,9.9,24.6,6.7,6.31,test
LT,2021,2.4,9.912942711306885,7.1,23.5,5.8,5.32,1.7,9.791997176502765,8.5,24.5,5.9,5.2,test
LU,2021,1.0,11.643251726645802,5.3,21.1,5.4,4.83,0.1,11.534589104606257,6.8,19.9,5.8,4.99,test
LV,2021,4.0,9.748586591318166,7.6,26.1,6.5,6.54,5.3,9.640172836532642,8.1,25.1,4.8,4.77,test
MT,2021,0.1,10.379411124292854,3.8,20.3,6.1,6.42,0.0,10.235306120475991,4.9,19.9,6.6,6.57,test
NL,2021,0.2,10.836635401476704,4.2,16.6,8.3,9.33,0.2,10.753852134294116,4.9,16.0,8.1,9.3,test
NO,2021,0.8,11.308603667896609,4.4,16.7,7.3,8.43,0.9,11.04132055435752,4.7,16.3,8.2,9.82,test
PL,2021,2.7,9.665864679957084,3.4,16.8,5.7,4.61,1.9,9.568713872550497,3.2,17.0,5.3,4.64,test
PT,2021,2.3,9.94270826568941,6.7,22.4,7.6,7.02,1.6,9.870964360830568,7.1,20.0,7.4,6.76,test
RO,2021,4.4,9.440658127038391,5.6,34.4,5.5,5.08,4.7,9.340491056441229,6.1,35.6,5.5,5.01,test
SE,2021,1.3,10.844665999918062,8.9,17.2,7.5,9.72,1.5,10.740302082908489,8.5,17.7,7.5,9.85,test
SI,2021,4.8,10.114153582339226,4.8,13.2,8.3,7.03,2.7,10.009198006958242,5.0,14.3,8.0,6.94,test
SK,2021,2.9,9.837881795438134,6.8,15.6,6.5,6.09,3.2,9.756726171140723,6.7,13.8,6.4,5.67,test
AT,2022,0.5,10.812552239318544,4.8,17.5,9.4,8.64,0.3,10.722826758333833,6.2,17.3,10.1,9.47,test
BE,2022,1.0,10.780829534271708,5.6,18.6,7.8,7.96,1.7,10.684645610418787,6.3,19.0,8.4,8.48,test
BG,2022,1.0,9.496270911389155,4.2,32.2,5.5,4.85,1.0,9.302007560502007,5.2,31.7,5.8,5.58,test
CH,2022,0.8,11.439278924801927,4.1,18.7,2.2,7.65,0.5,11.309707082463287,5.1,17.6,2.7,7.95,test
CY,2022,0.2,10.35964577495981,6.3,17.5,5.9,6.31,0.2,10.23458824535543,7.2,17.3,6.5,7.01,test
CZ,2022,0.2,10.19129461717606,2.2,11.8,8.8,7.2,0.3,10.06177253150184,2.8,10.7,9.5,7.94,test
DE,2022,0.3,10.786014654257476,3.1,21.1,8.3,10.7,0.1,10.712415766081785,3.6,21.0,8.5,10.91,test
DK,2022,2.1,11.073334642132687,4.5,17.1,8.3,8.04,1.3,10.979172336560532,5.1,17.3,9.4,9.06,test
EE,2022,9.1,10.213175705250524,5.6,25.2,5.9,5.21,8.1,10.07111839392008,6.2,22.2,6.5,5.69,test
EL,2022,9.0,9.88175306039012,12.5,26.3,6.2,5.26,6.4,9.761347785375005,14.7,28.3,6.6,5.61,test
ES,2022,1.2,10.267783383606222,13.0,26.0,6.8,7.05,1.1,10.169307378130776,14.9,27.8,7.2,7.51,test
FI,2022,6.5,10.776661993336656,6.8,16.3,7.5,7.75,4.4,10.711970331775978,7.7,14.2,7.8,7.84,test
FR,2022,3.2,10.56926353629994,7.3,20.7,9.1,10.0,2.8,10.516508688616788,7.9,19.0,9.4,10.36,test
HR,2022,1.3,9.772239265926174,6.8,19.9,7.8,6.23,1.7,9.620461291620542,7.5,20.9,8.4,6.91,test
HU,2022,1.4,9.772809228894012,3.6,18.8,5.1,4.87,1.1,9.685953239986429,4.0,19.6,5.9,5.31,test
IE,2022,2.7,11.514324485883936,4.5,19.6,4.7,4.61,2.1,11.385887231799504,6.2,19.6,5.1,4.95,test
IT,2022,1.8,10.429989655687129,8.1,24.4,6.9,6.52,1.8,10.346890499984683,9.5,25.2,7.4,6.92,test
LT,2022,2.9,10.07280829715283,6.0,24.6,5.2,4.85,2.4,9.912942711306885,7.1,23.5,5.8,5.32,test
LU,2022,0.5,11.670783549585808,4.6,19.4,5.4,4.83,1.0,11.643251726645802,5.3,21.1,5.4,4.83,test
LV,2022,5.4,9.8590130624343,6.9,26.0,5.6,5.26,4.0,9.748586591318166,7.6,26.1,6.5,6.54,test
MT,2022,0.3,10.428511895701932,3.5,20.1,5.5,6.19,0.1,10.379411124292854,3.8,20.3,6.1,6.42,test
NL,2022,0.2,10.935603849915871,3.5,16.5,7.2,8.31,0.2,10.836635401476704,4.2,16.6,8.3,9.33,test
NO,2022,1.2,11.58673339211495,3.2,16.3,5.8,6.78,0.8,11.308603667896609,4.4,16.7,7.3,8.43,test
PL,2022,2.3,9.771098364490385,2.9,15.9,5.2,4.8,2.7,9.665864679957084,3.4,16.8,5.7,4.61,test
PT,2022,2.9,10.056208639553793,6.2,20.1,7.1,6.58,2.3,9.94270826568941,6.7,22.4,7.6,7.02,test
RO,2022,4.9,9.598320165743328,5.6,34.4,5.0,4.53,4.4,9.440658127038391,5.6,34.4,5.5,5.08,test
SE,2022,1.8,10.85861430819548,7.5,18.6,7.2,9.4,1.3,10.844665999918062,8.9,17.2,7.5,9.72,test
SI,2022,3.7,10.202480416133776,4.0,13.3,7.7,7.12,4.8,10.114153582339226,4.8,13.2,8.3,7.03,test
SK,2022,2.8,9.91095956737483,6.1,16.5,6.9,6.16,2.9,9.837881795438134,6.8,15.6,6.5,6.09,test
AT,2023,0.6,10.865325099366254,5.1,17.7,9.0,8.47,0.5,10.812552239318544,4.8,17.5,9.4,8.64,test
BE,2023,1.1,10.841344062324843,5.5,18.8,7.8,7.87,1.0,10.780829534271708,5.6,18.6,7.8,7.96,test
BG,2023,1.1,9.592877975440642,4.3,30.0,5.4,5.0,1.0,9.496270911389155,4.2,32.2,5.5,4.85,test
CH,2023,1.3,11.475015891897009,4.1,19.5,2.2,7.6,0.8,11.439278924801927,4.1,18.7,2.2,7.65,test
CY,2023,0.1,10.430284945811817,5.8,17.4,6.0,6.03,0.2,10.35964577495981,6.3,17.5,5.9,6.31,test
CZ,2023,0.4,10.286366161971497,2.6,12.0,8.8,7.08,0.2,10.19129461717606,2.2,11.8,8.8,7.2,test
DE,2023,0.2,10.832891923555666,3.1,21.3,7.4,10.01,0.3,10.786014654257476,3.1,21.1,8.3,10.7,test
DK,2023,2.7,11.049460412564075,5.1,17.9,8.3,7.97,2.1,11.073334642132687,4.5,17.1,8.3,8.04,test
EE,2023,12.9,10.242812858139748,6.4,24.2,6.2,5.64,9.1,10.213175705250524,5.6,25.2,5.9,5.21,test
EL,2023,11.6,9.966462351697515,11.1,26.1,5.9,5.12,9.0,9.88175306039012,12.5,26.3,6.2,5.26,test
ES,2023,1.8,10.34109711397086,12.2,26.5,6.6,6.75,1.2,10.267783383606222,13.0,26.0,6.8,7.05,test
FI,2023,7.9,10.798554647958657,7.2,15.8,7.6,8.48,6.5,10.776661993336656,6.8,16.3,7.5,7.75,test
FR,2023,3.7,10.62958583323576,7.3,20.4,8.8,9.71,3.2,10.56926353629994,7.3,20.7,9.1,10.0,test
HR,2023,1.0,9.92964251001298,6.1,20.7,7.7,5.98,1.3,9.772239265926174,6.8,19.9,7.8,6.23,test
HU,2023,1.0,9.930129483482547,4.1,19.7,4.7,4.71,1.4,9.772809228894012,3.6,18.8,5.1,4.87,test
IE,2023,2.7,11.503682883603297,4.3,19.2,5.4,4.89,2.7,11.514324485883936,4.5,19.6,4.7,4.61,test
IT,2023,1.8,10.500399125215248,7.7,22.8,6.5,6.11,1.8,10.429989655687129,8.1,24.4,6.9,6.52,test
LT,2023,3.8,10.161225748614838,6.9,24.3,5.2,4.89,2.9,10.07280829715283,6.0,24.6,5.2,4.85,test
LU,2023,0.8,11.719695702166494,5.2,21.4,5.4,4.78,0.5,11.670783549585808,4.6,19.4,5.4,4.83,test
LV,2023,7.8,9.953705268696746,6.5,25.6,5.4,4.32,5.4,9.8590130624343,6.9,26.0,5.6,5.26,test
MT,2023,0.1,10.54006438160768,3.5,19.8,5.0,5.73,0.3,10.428511895701932,3.5,20.1,5.5,6.19,test
NL,2023,0.3,10.980876204752612,3.6,15.8,7.1,8.27,0.2,10.935603849915871,3.5,16.5,7.2,8.31,test
NO,2023,1.8,11.339999629816637,3.6,15.8,7.0,,1.2,11.58673339211495,3.2,16.3,5.8,6.78,test
PL,2023,3.6,9.902487052202543,2.8,16.3,5.7,5.54,2.3,9.771098364490385,2.9,15.9,5.2,4.8,test
PT,2023,2.8,10.14878390849147,6.5,20.1,6.7,6.11,2.9,10.056208639553793,6.2,20.1,7.1,6.58,test
RO,2023,5.2,9.733292175540011,5.6,32.0,4.8,4.39,4.9,9.598320165743328,5.6,34.4,5.0,4.53,test
SE,2023,2.1,10.829530575852962,7.7,18.4,7.4,9.71,1.8,10.85861430819548,7.5,18.6,7.2,9.4,test
SI,2023,3.8,10.31559720336296,3.7,13.7,7.3,6.83,3.7,10.202480416133776,4.0,13.3,7.7,7.12,test
SK,2023,3.2,10.02747353231712,5.8,17.6,6.6,5.82,2.8,9.91095956737483,6.1,16.5,6.9,6.16,test
